{
	"students": [{
		  "id": "Harry",
			"Name": "Harry James Potter",
			"House": "Gryffindor",
			"Hair": "Jet-Black",
			"Blood_status": "Half-Blood",
			"Patronus": "Stag"

		},

		{
			"id": "Hermione",
			"Name": "Hermione Jean Granger",
			"House": "Gryffindor",
			"Hair": "Brown",
			"Blood_status": "Muggle-born",
			"Patronus": "Otter"
		},

		{
			"id": "Ron",
			"Name": "Ronald Bilius Weasley",
			"House": "Gryffindor",
			"Hair": "Red",
			"Blood_status": "Pure-blood",
			"Patronus": "Jack Russell terrier"
		},

		{
			"id": "Ginny",
			"Name": "Ginevra Molly Weasley",
			"House": "Gryffindor",
			"Hair": "Red",
			"Blood_status": "Pure-blood",
			"Patronus": "Horse"

		},

		{
			"id": "neville",
			"Name": "Neville Longbottom",
			"House": "Gryffindor",
			"Hair": "Blond",
			"Blood_status": "Pure-blood",
			"Patronus": "Non-corporeal"
		},

		{
			"id": "luna",
			"Name": "Luna Lovegood",
			"House": "Ravenclaw",
			"Hair": "Dirty-blonde",
			"Blood_status": "Pure-blood",
			"Patronus": "Hare"
		}

	],
	"professors": [{
		  "id": "ProfessorMcGonagall",
			"Name": "Minerva McGonagall",
			"House": "Gryffindor",
			"Hair": "Black",
			"Blood_status": "Half-blood",
			"Patronus": "Cat"
		},

		{
			"id": "Snape",
			"Name": "Severus Snape",
			"House": "Slytherin",
			"Hair": "Black",
			"Blood_status": "Half-blood",
			"Patronus": "Doe"
		},

		{
			"id": "Rubeus",
			"Name": "Rubeus Hagrid",
			"House": "Gryffindor",
			"Hair": "Black",
			"Blood_status": "Part-Human (Half-giant)",
			"Patronus": "None"
		},

		{
		  "id": "Flit",
			"Name": "Filius Flitwick",
			"House": "Ravenclaw",
			"Hair": "White",
			"Blood_status": "Part-Goblin",
			"Patronus": "Non-corporeal"
		},

		{
			"id": "spourt",
			"Name": "Pomona Sprout",
			"House": "Hufflepuff",
			"Hair": "White",
			"Blood_status": "Half-blood or Pure-blood",
			"Patronus": "Non-corporeal"
		},

		{
			"id": "Slughorn",
			"Name": "Horace Eugene Flaccus Slughorn",
			"House": "Slytherin",
			"Hair": "Bald",
			"Blood_status": "Half-blood or Pure-blood",
			"Patronus": "Non-corporeal"
		}
	],
	"Order_of_the_Phoenix": [

		{
			"id": "Dumbledore",
			"Name": "Albus Percival Wulfric Brian Dumbledore",
			"House": "Gryffindor",
			"Hair": "Silver",
			"Blood_status": "Half-blood",
			"Patronus": "Phoenix"
		},

		{
			"id": "Black",
			"Name": "Sirius Black",
			"House": "Gryffindor",
			"Hair": "Black",
			"Blood_status": "Pure-blood",
			"Patronus": "Non-corporeal"
		},

		{
			"id": "moody",
			"Name": "Alastor Moody",
			"House": "Unknown",
			"Hair": "Black",
			"Blood_status": "Pure-blood",
			"Patronus": "Non-corporeal"
		},

		{
			"id": "kingsley",
			"Name": "Kingsley Shacklebolt",
			"House": "Unknown",
			"Hair": "Black",
			"Blood_status": "Pure-blood",
			"Patronus": "Non-corporeal"
		},

		{
			"id": "Lupin",
			"Name": "Remus John Lupin",
			"House": "Gryffindor",
			"Hair": "Light brown flecked with grey",
			"Blood_status": "Half-blood",
			"Patronus": "Wolf"
		},

		{
			"id": "tonks",
			"Name": "Nymphadora Tonks",
			"House": "Hufflepuff",
			"Hair": "Variable",
			"Blood_status": "Half-blood",
			"Patronus": "Wolf"
		}

	],
	"Ministry_of_Magic": [

		{
			"id": "scrimgeour",
			"Name": "Rufus Scrimgeour",
			"House": "Unknown",
			"Hair": "Tawny",
			"Blood_status": "Half-blood",
			"Patronus": "Non-corporeal"
		},

		{
			"id": "Fudge",
			"Name": "Cornelius Oswald Fudge",
			"House": "Unknown",
			"Hair": "Grey",
			"Blood_status": "Pure-blood or Half-blood",
			"Patronus": "Non-corporeal"
		},

		{
			"id": "Umbridge",
			"Name": "Dolores Jane Umbridge",
			"House": "Slytherin",
			"Hair": "Iron grey",
			"Blood_status": "Half-blood",
			"Patronus": "Persian cat"
		},

		{
			"id": "Thicknesse",
			"Name": "Pius Thicknesse",
			"House": "Unknown",
			"Hair": "Black and silver",
			"Blood_status": "Pure-blood or half-blood",
			"Patronus": "Unknown"
		},

		{
			"id": "Crouch",
			"Name": "Bartemius Crouch",
			"House": "Unknown",
			"Hair": "Grey",
			"Blood_status": "Pure-blood",
			"Patronus": "Non-corporeal"
		},

		{
      "id": "Arthur",
			"Name": "Arthur Weasley",
			"House": "Gryffindor",
			"Hair": "Red",
			"Blood_status": "Pure-blood",
			"Patronus": "Weasel"
		}
	],
	"Death_Eaters": [

		{
			"id": "Draco",
			"Name": "Draco Lucius Malfoy",
			"House": "Slytherin",
			"Hair": "Silver-blonde[",
			"Blood_status": "Pure-blood",
			"Patronus": "None"
		},

		{
			"id": "tom",
			"Name": "Tom Marvolo Riddle",
			"House": "Slytherin",
			"Hair": "Black",
			"Blood_status": "Half-blood",
			"Patronus": "None"
		},

		{
			"id": "Bellatrix",
			"Name": "Bellatrix Lestrange",
			"House": "Slytherin",
			"Hair": "Black",
			"Blood_status": "Pure-blood",
			"Patronus": "None"
		},

		{
			"id": "Lucius",
			"Name": "Lucius Malfoy",
			"House": "Slytherin",
			"Hair": "White-blond",
			"Blood_status": "Pure-blood",
			"Patronus": "None"
		},

		{
			"id": "Pettigrew",
			"Name": "Peter Pettigrew",
			"House": "Gryffindor",
			"Hair": "White-blond",
			"Blood_status": "Half-blood or pure-blood",
			"Patronus": "None"
		}


	]
}
